t,euler1,euler2,heun1,heun2
0.0,1,1,1,1
0.025,1.12,0.9426,1.12095,0.95245
0.05,1.2397250000000002,0.871140375,1.2420147110937498,0.89044869078125
0.07500000000000001,1.3574017343750002,0.7867265519531249,1.3613934655792865,0.814917464684477
0.1,1.4712931530957034,0.6906522680169432,1.4773105732266285,0.7269790038662265
0.125,1.5797240429008244,0.5843797763853495,1.5880417336419368,0.6279405929692861
0.15000000000000002,1.6811056474157906,0.46951762036790223,1.6919396857273057,0.5192746851644394
0.17500000000000002,1.7739589246881864,0.3477963131169609,1.7874587126932449,0.4025970104666346
0.2,1.8569361019973771,0.22104229032311604,1.8731776380820742,0.2796425517998564
0.225,1.9288402141526158,0.09115052757740763,1.947820970684611,0.15223974601722187
0.25,1.988642342413567,-0.0399437674082605,2.0102778837464625,0.022283293503816692
0.275,2.0354963061763147,-0.17029396517785125,2.0596187460549773,-0.10829401929369475
0.30000000000000004,2.0687505981342214,-0.29797089890958706,2.0951089588948757,-0.23755006536307488
0.325,2.0879573951632406,-0.4210913945209555,2.116219892918635,-0.3635622631289054
0.35000000000000003,2.0928785210700074,-0.5378460248911517,2.1226367621012496,-0.4844561733288248
0.375,2.083488282920139,-0.6465256794833305,2.1142633174967744,-0.5984333814078401
0.4,2.0599731492526305,-0.7455465595546705,2.0912232908087813,-0.703798250678553
0.42500000000000004,2.022728285390323,-0.8334732337618738,2.0538585661251307,-0.7989831482681882
0.45,1.9723510075800321,-0.9090394189196707,2.002724106830419,-0.8825717685667116
0.47500000000000003,1.9096312631509251,-0.9711661854886737,1.9385797129732822,-0.9533202071668125
0.5,1.8355392875960193,-1.0189773265244977,1.862378731512583,-1.01017547172587
0.525,1.7512106308172282,-1.0518116717178372,1.7752538871950216,-1.052291154285138
0.55,1.657928783124489,-1.0692321741471125,1.6785004446526575,-1.0790400317857394
0.5750000000000001,1.557105666385758,-1.0710316457595883,1.5735569520148696,-1.0900234071971822
0.6000000000000001,1.4502602864829905,-1.0572350676684457,1.4619838523147415,-1.0850770521427986
0.625,1.3389958694972073,-1.0280984523546053,1.3454402806992452,-1.0642736624470048
0.65,1.2249758254489709,-0.9841042860343162,1.22565939245377,-1.0279217898899993
0.675,1.109898899657997,-0.9259536300377526,1.1044225887226495,-0.9765612658651547
0.7000000000000001,0.9954738826336127,-0.8545550092924555,0.9835330232227405,-0.9109551848134227
0.7250000000000001,0.8833942547234883,-0.7710102631930451,0.8647887839624291,-0.8320785664814713
0.75,0.7753131414709586,-0.6765975785727344,0.7499561488339136,-0.7411038654548155
0.775,0.6728189497839469,-0.5727519655234744,0.6407433128697453,-0.6393835433189767
0.8,0.5774120437060895,-0.4610434738432575,0.5387749779610892,-0.5284299625029695
0.8250000000000001,0.49048280198878236,-0.34315348038564353,0.4455681830286501,-0.4098929007099861
0.8500000000000001,0.4132913780549318,-0.22084940508143402,0.3625097342079212,-0.28553502024711797
0.875,0.3469494566579114,-0.09595823550464917,0.29083557083209033,-0.15720565700241423
0.9,0.2924042709776601,0.029660743745107562,0.23161237422199968,-0.02681331883057614
0.925,0.25042510952701397,0.15414361009834696,0.18572169295069146,0.10370269767420245
0.9500000000000001,0.2215925045871106,0.2756494393525611,0.153846820835925,0.2324011499045059
0.9750000000000001,0.20629025351993957,0.3923875098293977,0.13646262298392273,0.35736772249371407
1.0,0.2047003818260108,0.5026436726494353,0.13382846137004104,0.47674350164880447
1.0250000000000001,0.2168011128621859,0.6048055001070765,0.14598432534895542,0.5887526270228137
1.05,0.24236786436514604,0.6973858435179731,0.17275022482373953,0.6917287097975559
1.075,0.28097724700588844,0.7790444566998355,0.21372885527874547,0.7841396239755976
1.1,0.3320139957962067,0.8486073710491453,0.26831149521714237,0.8646103020551889
1.125,0.39468072193563153,0.9050837425331527,0.33568704846415187,0.9319431959237394
1.1500000000000001,0.46801033126357483,0.9476799293042784,0.41485409701659437,0.9851360985135251
1.175,0.5508809164742648,0.9758106004805138,0.5046357853341565,1.0233970610016674
1.2000000000000002,0.6420328942315998,0.9891067212893024,0.6036973148441193,1.0461561835217597
1.225,0.7400881258110792,0.9874203065725611,0.7105657885957025,1.0530741038445797
1.25,0.843570731366786,0.9708258828964549,0.8236521110306512,1.0440470575889662
1.2750000000000001,0.9509292837824336,0.9396186484814557,0.9412746172533673,1.0192084345108328
1.3,1.060560048660105,0.8943093691380569,1.061684080442078,0.9789268075302681
1.3250000000000002,1.1708309226003188,0.8356160966355721,1.1830897255252562,0.9238004636186314
1.35,1.2801057127292832,0.764452842733281,1.3036858622602232,0.854648517699274
1.375,1.3867683965528768,0.6819153867759504,1.4216787416169105,0.7724987415430056
1.4000000000000001,1.4892470027016615,0.5892644366445918,1.5353132360265913,0.67857228850671
1.425,1.5860367599375806,0.4879064013465789,1.6428989466532742,0.5742655411435644
1.4500000000000002,1.6757221738023145,0.3793720680678145,1.7428353493459243,0.4611293515191735
1.475,1.756997707304424,0.2652935065947741,1.8336356052066514,0.34084598286275003
1.5,1.828686763798775,0.1473795492147526,1.9139486815515492,0.21520409538890423
1.5250000000000001,1.889758696369049,0.02739021416139159,1.9825794541520056,0.08607214823479478
1.55,1.939343598180443,-0.09288954488905224,2.0385064916519875,-0.04462938696407345
1.5750000000000002,1.9767446619646871,-0.21167637204281203,2.080897257514884,-0.17495658763914118
1.6,2.001447933522305,-0.3272149310110841,2.109120503249698,-0.3029709922230095
1.625,2.013129323323452,-0.43780382435984694,2.1227556684299134,-0.4267684324458898
1.6500000000000001,2.0116587813695697,-0.5418206277577439,2.121599147528124,-0.5445073571484355
1.675,1.997101582828602,-0.6377456711718206,2.1056673301837208,-0.6544362263046063
1.7000000000000002,1.969716714944769,-0.7241842187464329,2.075196369506629,-0.7549195677544558
1.725,1.9299523987107892,-0.7998867239815772,2.03063868168364,-0.8444623090147048
1.75,1.8784388211389627,-0.8637668664177859,1.9726562287715117,-0.9217320221696309
1.7750000000000001,1.8159781950522293,-0.9149171098813367,1.9021106844096154,-0.9855787508649835
1.8,1.7435323025325657,-0.9526215599303817,1.8200506285527482,-1.0350521243724506
1.8250000000000002,1.6622077149368901,-0.9763659389002339,1.7276959615220413,-1.0694155040271611
1.85,1.5732389161832323,-0.9858445402600391,1.6264197690412616,-1.088156951466144
1.875,1.4779695863312636,-0.9809640692131201,1.5177279078516264,-1.0909968553555542
1.9000000000000001,1.3778323288936707,-0.9618443229229477,1.4032366154164118,-1.0778921029859454
1.925,1.2743271474396887,-0.9288157107336332,1.2846484766322617,-1.0490367344990719
1.9500000000000002,1.168998994575766,-0.8824136615799352,1.163727104919685,-1.0048590698223738
1.975,1.063414729066381,-0.8233700117537144,1.042270914206756,-0.9460153508504767
2.0,0.9591398245184839,-0.7526015106330562,0.9220863718623847,-0.8733799932463465
2.025,0.857715175599165,-0.6711956242335347,0.8049611303771611,-0.788032592667268
2.0500000000000003,0.7606343451669237,-0.5803938558893091,0.6926374374150495,-0.6912418785022929
2.075,0.6693215880278586,-0.48157283943971374,0.5867862197407814,-0.5844468536200657
2.1,0.5851109744094966,-0.3762234924613076,0.4889822265264766,-0.4692354004932844
2.125,0.5092269188803794,-0.26592854488243783,0.40068060180541915,-0.3473206717657301
2.15,0.4427663986056967,-0.15233878134952406,0.3231952346045127,-0.22051561629862268
2.1750000000000003,0.386683118856833,-0.03714835365616556,0.2576792088655457,-0.09070601948459173
2.2,0.34177385398408033,0.0779304678513719,0.2051076440515526,0.04017754126338635
2.225,0.3086671590695865,0.19119272788482758,0.16626318179229582,0.17018840878346764
2.25,0.28781461170169126,0.3009660273347044,0.14172433458069406,0.2973927991772049
2.275,0.2794847052913766,0.40563519849570895,0.13185686997470075,0.419898564938911
2.3000000000000003,0.2837594756575944,0.5036660506118559,0.1368083586196413,0.5358833403789993
2.325,0.300533901834388,0.5936278369356875,0.1565059673554981,0.6436216506822379
2.35,0.32951808080682615,0.6742141145948954,0.1906575304118442,0.741510581333438
2.375,0.37024213477758044,0.7442616934629396,0.23875588293780953,0.8280936260334801
2.4000000000000004,0.42206376921015953,0.8027673995533483,0.30008639259077724,0.9020823583001818
2.4250000000000003,0.48417836088391203,0.8489024117508633,0.37373757733716706,0.962375604298728
2.45,0.5556314181035946,0.8820239674501674,0.45861465170931226,1.008075831594561
2.475,0.635333220575822,0.9016842723382885,0.5534558001969088,1.0385025099153025
2.5,0.7220754148012175,0.9076364915326603,0.6568509358780594,1.0532022450322172
2.5250000000000004,0.8145493125938714,0.8998377429434209,0.7672626654170551,1.0519555348562604
2.5500000000000003,0.9113656159359462,0.8784490584134621,0.8830491487239934,1.0347800470754769
2.575,1.0110752711539455,0.8438323232373661,1.0024885133737305,1.0019303693923582
2.6,1.1121911396499677,0.7965442494019724,1.1238044607379858,0.9538942358823904
2.625,1.2132101613550872,0.7373274816648716,1.2451926830394378,0.8913852854081542
2.6500000000000004,1.312635680841115,0.6670989777471789,1.364847698454331,0.8153324596073946
2.6750000000000003,1.408999604707876,0.5869358438440744,1.4809897051506438,0.7268661979611882
2.7,1.500884062459088,0.4980588437664727,1.5918910548453533,0.6273016350960583
2.725,1.5869422515212943,0.4018138337793132,1.6959019521014733,0.5181190500729193
2.75,1.6659181602061826,0.2996514051071066,1.7914749970800707,0.40094185830237916
2.7750000000000004,1.7366648800564273,0.19310504170526446,1.8771882066434833,0.2775124732920211
2.8000000000000003,1.7981612408728296,0.08376812188065187,1.951766171318387,0.1496663971326272
2.825,1.8495265274580985,-0.026729891608909498,2.0140990333351603,0.019304924995080935
2.85,1.8900330663358254,-0.1367477174600915,2.0632590033511993,-0.1116331304543694
2.875,1.9191165029676238,-0.24465661663644134,2.0985141700591416,-0.24120027421320622
2.9000000000000004,1.9363836248087072,-0.34886448677710996,2.11933939713211,-0.3674692948227757
2.9250000000000003,1.941617622388069,-0.4478393340336958,2.1254241452687337,-0.48856193014829413
2.95,1.934780718921171,-0.5401317765703277,2.1166771028267988,-0.6026768066775408
2.975,1.9160141381878475,-0.6243962494547715,2.09322755599589,-0.7081162367389913
3.0,1.8856354199518024,-0.6994106010041332,2.0554234779505727,-0.803311475004315
3.0250000000000004,1.8441331314735139,-0.764093795510056,2.00382636522525,-0.886846058534291
3.0500000000000003,1.792159062094484,-0.8175214662719277,1.939202897934075,-0.9574768831112778
3.075,1.7305180248809262,-0.858939095569026,1.8625135477044945,-1.0141527022520174
3.1,1.6601554243654515,-0.8877726341067974,1.7748983025984781,-1.0560297736114295
3.125,1.5821427820031155,-0.9036364110361083,1.6776597211856468,-1.0824844199016994
3.1500000000000004,1.49766144058878,-0.9063382262869052,1.5722435676694475,-1.0931223173305613
3.1750000000000003,1.407984695136772,-0.8958815590702401,1.46021731595992,-1.087784373226153
3.2,1.3144586202233568,-0.8724648693560881,1.3432468422989063,-1.0665491052394651
3.225,1.2184818822166892,-0.8364780122895331,1.2230716530040022,-1.0297314865449039
3.25,1.1214848389079575,-0.788495828224539,1.1014790157046432,-0.9778782740210338
3.2750000000000004,1.0249082386170962,-0.7292690127011061,0.9802773787730427,-0.9117598887054219
3.3000000000000003,0.9301818357499413,-0.6597124106545342,0.8612694742609688,-0.8323589691015749
3.325,0.8387032399737464,-0.580890916838092,0.7462255043824256,-0.7408557674093882
3.35,0.7518173116674757,-0.494003199311686,0.6368568103617084,-0.6386106057171516
3.375,0.670796407174395,-0.40036349439155167,0.5347904153135892,-0.5271436529341279
3.4000000000000004,0.5968217637879778,-0.3013817492132928,0.44154481984388916,-0.40811232310742546
3.4250000000000003,0.5309662965541252,-0.19854241163387698,0.35850741044695406,-0.28328663116208874
3.45,0.47417905715175296,-0.09338218625193362,0.2869138168081127,-0.15452287250231084
3.475,0.4272715796564872,0.012532910407361528,0.22782952515037788,-0.023736017862157954
3.5,0.3909063092876555,0.11763085321222781,0.18213402122584393,0.10712876607545829
3.5250000000000004,0.36558727872322383,0.22035692373765875,0.15050769894224164,0.23612504674723353
3.5500000000000003,0.3516531627170166,0.31919669202877565,0.1334217294929746,0.36133407619439933
3.575,0.34927280607684197,0.4126983253559786,0.13113104183615854,0.48089333136593676
3.6,0.3584432830957577,0.49949389559912466,0.1436705190993749,0.5930242197190625
3.625,0.37899050882365426,0.5783193728227448,0.17085446766001972,0.6960585379878258
3.6500000000000004,0.4105723846838579,0.6480330131062786,0.2122793669776313,0.7884632905129206
3.6750000000000003,0.4526844234414644,0.7076318734536551,0.2673298594582601,0.8688634979035267
3.7,0.5046677619710553,0.7562662152442667,0.33518789143762706,0.936062656672847
3.725,0.5657194351899242,0.7932515897651823,0.4148448694962755,0.9890605454089169
3.75,0.6349047514339924,0.8180784343957553,0.5051166514635017,1.027068112492305
3.7750000000000004,0.7111715789409174,0.8304190454715665,0.6046611492947552,1.0495192237657922
3.8000000000000003,0.7933663254139657,0.8301318331719264,0.7119982821468714,1.05607909525293
3.825,0.8802513682717592,0.8172628043651355,0.8255319830051504,1.0466492853182006
3.85,0.970523672493027,0.7920442606026514,0.9435739316561425,1.0213691718282527
3.875,1.062834316236707,0.7548907397636766,1.0643686611050371,0.9806138921504728
3.9000000000000004,1.1558086318907788,0.7063922706031016,1.1861196640890124,0.9249887764344369
3.9250000000000003,1.248066662049886,0.64730504904619,1.3070161114423253,0.8553203567811564
3.95,1.3382436262485278,0.5785396829199978,1.425259784947185,0.7726440858385777
3.975,1.4250100951228175,0.5011471873592896,1.539091824092377,0.6781889473120077
4.0,1.5070915740122905,0.4163029458543487,1.6468188889075548,0.5733591871166831
4.025,1.583287207749792,0.3252888813440025,1.7468383497043265,0.459713436738834
4.05,1.6524873323634037,0.22947410747403088,1.8376621290073372,0.3389415391738896
4.075,1.713689617408554,0.13029435177003232,1.9179388409848825,0.21283942199850867
4.1000000000000005,1.7660135643808008,0.029230459708037948,1.9864738989914055,0.08328239119841438
4.125,1.8087131517962007,-0.07221369873562115,2.0422472920378727,-0.047802757116531175
4.15,1.8411874456825301,-0.17253359068229118,2.084428765661041,-0.17846639237431375
4.175,1.8629890249739887,-0.27024631783928577,2.1123901812541916,-0.3067650464076406
4.2,1.8738301041800824,-0.3639125196696401,2.1257148698761226,-0.43079032025533415
4.2250000000000005,1.873586270211732,-0.4521575589693382,2.1242038412480944,-0.5486972709435499
4.25,1.8622977858777396,-0.5336916782808717,2.107878755415669,-0.6587318560033698
4.275,1.8401684487806005,-0.6073288318529096,2.07698161269824,-0.7592570274728745
4.3,1.807562030603872,-0.6720039184589274,2.0319711663576947,-0.8487770871964954
4.325,1.7649963575562282,-0.7267881649931929,1.9735161111629678,-0.925959941074117
4.3500000000000005,1.7131351274915614,-0.7709024389923613,1.9024851489844246,-0.9896569211425904
4.375,1.6527775924482824,-0.8037282996553008,1.8199340790074505,-1.0389198805295412
4.4,1.584846266557145,-0.8248166310759073,1.727090104417539,-1.0730153068653747
4.425,1.510372847999694,-0.8338937377489981,1.6253335888209592,-1.0914352440718529
4.45,1.4304825695410506,-0.830864820411883,1.516177533609511,-1.0939048599052155
4.4750000000000005,1.3463772147381743,-0.8158147893752348,1.4012450813908162,-1.080386546512684
4.5,1.2593170559137168,-0.7890064120936483,1.282245379981775,-1.0510804928218065
4.525,1.1706019851170482,-0.7508758312402349,1.160948165865697,-1.0064217200554078
4.55,1.081552120356251,-0.7020255283955789,1.0391574450795902,-0.9470736242707137
4.575,0.9934881762272869,-0.6432148460657888,0.9186846629431891,-0.8739181217768563
4.6000000000000005,0.9077118906021311,-0.575348216554314,0.801321761665819,-0.7880425438179078
4.625,0.8254867972424661,-0.4994612797026001,0.6888145265565249,-0.6907234752668233
4.65,0.7480196281210818,-0.4167051021972563,0.5828366172924659,-0.5834077775401204
4.675,0.6764426189633885,-0.3283287385706073,0.4849646705330183,-0.46769107783726227
4.7,0.6117969772324565,-0.23566039780150225,0.39665484425327724,-0.3452940445090551
4.7250000000000005,0.5550177536981342,-0.14008749921414398,0.3192211527475687,-0.21803680130547348
4.75,0.50692033713401,-0.04303591689376422,0.25381591463873193,-0.08781186095413629
4.775,0.46818876690749445,0.05405127712604191,0.20141260481866496,0.04344401943536935
4.800000000000001,0.43936603064543023,0.14973525424770848,0.1627913655063306,0.1737786425876271
4.825,0.4208464841885064,0.24260273692112982,0.1385273920725999,0.3012534065104952
4.8500000000000005,0.41287049914448665,0.33128685717221557,0.12898236653494835,0.42397213932675276
4.875,0.4155214099918215,0.4144872584359973,0.13429906630450683,0.5401093045980704
4.9,0.4287247983708511,0.49098914531215515,0.1543992285473752,0.647937157590773
4.925000000000001,0.45225011744119475,0.559681002427734,0.1889847021036783,0.7458514485129113
4.95,0.48571462449752945,0.6195707242359962,0.2375418700116031,0.8323952903420585
4.9750000000000005,0.5285895559356375,0.6697999219817597,0.29934927703691133,0.9062808361413305
5.0,0.5802084456496555,0.7096562018486077,0.373488348934653,0.966408443322566
5.025,0.6397774565055875,0.738583239049003,0.4588570441783299,1.0118830396762513
5.050000000000001,0.706387565135785,0.7561885058589968,0.5541862352664079,1.042027447591908
5.075,0.7790284133634657,0.7622485468344018,0.6580585761062855,1.0563924681222427
5.1000000000000005,0.8566036154861664,0.7567117311459295,0.7689295749853413,1.054763574726309
5.125,0.9379472897698604,0.7396984495884091,0.8851505598181275,1.0371641169451846
5.15,1.0218415651301798,0.7114987617931992,1.0049931941966672,1.0038549861682167
5.175000000000001,1.1070348003493162,0.6725675369394388,1.1266751796857535,0.9553307482668866
5.2,1.19226024348683,0.6235171682598318,1.2483867621415583,0.8923123004241679
5.2250000000000005,1.2762548535198028,0.5651079773245193,1.368317647851978,0.8157361611882957
5.25,1.3577780047627548,0.4982364579377615,1.484683929179948,0.7267405528621294
5.275,1.4356297972788346,0.4239215410009082,1.5957546192277952,0.6266484830576001
5.300000000000001,1.5086687032474821,0.3432890904224699,1.6998774008337538,0.5169480768896013
5.325,1.5758282899870197,0.25755486567506186,1.7955032068760903,0.3992704521903537
5.3500000000000005,1.636132774870657,0.16800620854249929,1.8812092662218134,0.2753654666856755
5.375,1.688711185493531,0.07598272965474552,1.9557202724583633,0.14707569774436485
5.4,1.732809919866253,-0.017143715681010335,2.0179273604490193,0.01630904161962468
5.425000000000001,1.7678035257984368,-0.10998946327012686,2.066904608340965,-0.11498966034386379
5.45,1.7932035456230806,-0.2011795832474393,2.1019228194451602,-0.24486754656891846
5.4750000000000005,1.8086653015904781,-0.2893682259413321,2.122460378851816,-0.3713927809828966
5.5,1.813992528189264,-0.37325846953714703,2.128211023143378,-0.49268328762329566
5.525,1.809139789868003,-0.45162137706962263,2.119088407471607,-0.6069347467065137
5.550000000000001,1.7942126556517102,-0.5233139829576183,2.0952274018938,-0.712447435715395
5.575,1.7694656354819818,-0.5872959460824412,2.056982097507363,-0.8076515162173551
5.6000000000000005,1.73529791626189,-0.6426446270406756,2.004920551858148,-0.8911303902204529
5.625,1.692246968066865,-0.6885683713555312,1.9398163515985123,-0.9616417785671673
5.65,1.6409801223112677,-0.7244178077377225,1.8626371177144043,-1.018136207728269
5.675000000000001,1.5822842533769494,-0.7496950005324614,1.7745301241228824,-1.059772629888346
5.7,1.5170537228795677,-0.7640603278193818,1.676805243385484,-1.0859309438380047
5.7250000000000005,1.4462767709677191,-0.7673369907600867,1.570915473050188,-1.0962212302712149
5.75,1.3710205614533537,-0.7595130952021181,1.458435332133543,-1.0904895639448569
5.775,1.2924151068366556,-0.7407412827193111,1.341037448949086,-1.068820316064537
5.800000000000001,1.2116363151398484,-0.7113359246582283,1.2204676884072825,-1.0315349124591024
5.825,1.1298884126781128,-0.6717679288287073,1.0985191886545234,-0.9791870658197597
5.8500000000000005,1.0483860053035148,-0.6226572436900656,0.9770056931612496,-0.91255455272422
5.875,0.9683360451472104,-0.5647631787242335,0.8577345748697298,-0.8326276575618694
5.9,0.8909199704026447,-0.4989726916559727,0.7424799536138286,-0.7405944550579239
5.925000000000001,0.8172762822437991,-0.4262868228111041,0.6329563066580742,-0.637823150125652
5.95,0.7484838156214311,-0.34780548376457476,0.5307929648905644,-0.525841737555888
5.9750000000000005,0.6855459495490906,-0.26471083113272864,0.43750987405304853,-0.4063152839313514
6.0,0.6293759877565734,-0.17824947656730175,0.35449498159661974,-0.28102116953611467
6.025,0.580783922481663,-0.08971380042452178,0.28298358559214265,-0.1518226583912644
6.050000000000001,0.5404647729712928,-0.00042264898094795944,0.22403995296028528,-0.020641189435107732
6.075,0.5089886662945243,0.08829829672274864,0.1785414805496489,0.11057219909113755
6.1000000000000005,0.4867928016968027,0.17513618841515544,0.147165634785198,0.23986588707605896
6.125,0.47417541134626356,0.25881042293607404,0.1303798642946179,0.36531670021827506
6.15,0.4712918003656829,0.33809151256422687,0.12843463571183494,0.48505851620732654
6.175000000000001,0.4781525179572381,0.4118191354879853,0.14135969641220417,0.597310023903667
6.2,0.49462367967577714,0.4789191016444371,0.16896361994325937,0.7004012225910733
6.2250000000000005,0.5204294289626893,0.5384189861002928,0.21083664109236455,0.7927982670916794
6.25,0.5551564943905798,0.5894622027128908,0.26635673860404036,0.873126289115281
6.275,0.5982607681571501,0.6313203146741134,0.33469887525308956,0.9401898552951539
6.300000000000001,0.6490758016604512,0.663403405339587,0.4148472580132093,0.9929907574949076
6.325,0.7068230859233743,0.685268362073671,0.5056104361334887,1.0307428706332207
6.3500000000000005,0.7706239586231781,0.6966249572540743,0.6056390127150918,1.052883856875357
6.375,0.8395129559007687,0.6973396436063535,0.7134457064957909,1.0590835419342999
6.4,0.9124524063158581,0.6874370151831886,0.8274274655795207,1.0492488387126682
6.425000000000001,0.9883480465769195,0.6670989200565016,0.9458893043116502,1.023525144863322
6.45,1.0660654242621534,0.6366612456352412,1.0670695088533486,0.9822941932882711
6.4750000000000005,1.1444468418616336,0.5966084319412773,1.1891658366312914,0.9261683873520637
6.5,1.2223285892613356,0.5475658016617613,1.310362320035806,0.8559817048727478
6.525,1.2985582083515836,0.49028982785522957,1.4288562757319447,0.7727773059928301
6.550000000000001,1.3720115338137044,0.4256564903505658,1.5428851178676355,0.6777920290655184
6.575,1.4416092583018116,0.3546478997016471,1.6507525763580115,0.5724380049880889
6.6000000000000005,1.5063327781168727,0.2783373926418548,1.750853930251657,0.45828166328615183
6.625,1.5652390869388235,0.19787332495882046,1.841699880812436,0.33702044206179965
6.65,1.6174745000576591,0.1144618062653265,1.9219387091624824,0.21045754808753947
6.675000000000001,1.6622870095941409,0.029348636013918586,1.9903763888270678,0.08047514234858302
6.7,1.699037092147543,-0.056199288918273624,2.0459943539222305,-0.05099365022422153
6.7250000000000005,1.727206813831243,-0.14091281781100434,2.087964658578639,-0.18199349057792394
6.75,1.7464071034001636,-0.22353936077989356,2.1156623019825136,-0.3105759073443425
6.775,1.7563830917481864,-0.3028613958385379,2.1286745355597136,-0.43482827809602953
6.800000000000001,1.7570174450438898,-0.37771439510918703,2.1268070137054806,-0.5529022789886502
6.825,1.7483316487452651,-0.4470039064584707,2.110086696402791,-0.6630413796107137
6.8500000000000005,1.7304852302408087,-0.5097215402220268,2.0787614603784523,-0.7636069740394507
6.875,1.7037729384519025,-0.5649596277347849,2.0332964243997917,-0.8531027593637824
6.9,1.6686199289460382,-0.611924338837211,1.974367043187769,-0.9301969989806748
6.925000000000001,1.6255750325057834,-0.6499470690674104,1.9028490724878608,-0.9937423394121908
6.95,1.5753022132414407,-0.6784939335160426,1.8198055543829261,-1.0427928857606465
6.9750000000000005,1.5185703488133173,-0.6971732329168014,1.7264710162603563,-1.0766182816770014
7.0,1.4562414897554843,-0.7057407880386304,1.6242331182995997,-1.0947145842575248
7.025,1.3892577769115948,-0.7041030703785903,1.5146120223087334,-1.0968117719434258
7.050000000000001,1.3186272152866867,-0.6923180900483907,1.3992377886457619,-1.0828777735687016
7.075,1.245408518909624,-0.6705940351125043,1.279826137306561,-1.053118958438602
7.1000000000000005,1.1706952543578633,-0.639285689975425,1.1581529336107554,-1.007977079955152
7.125,1.0955995202365139,-0.5988886932361335,1.0360277779065103,-0.948122718054499
7.15,1.0212354059955957,-0.5500317272444165,0.9152670920623945,-0.8744453177987231
7.175000000000001,0.9487024759347894,-0.4934667619384062,0.7976671030208904,-0.7880399720977775
7.2,0.8790695230587405,-0.4300575039704666,0.6849771252409264,-0.6901911449719247
7.2250000000000005,0.8133588326383089,-0.3607662282247186,0.5788735394334555,-0.5823535772811954
7.25,0.7525311869869231,-0.28663919221490275,0.48093485465949204,-0.46613065876871246
7.275,0.6974718312118076,-0.20879085418825682,0.3926182247675799,-0.3432505879653216
7.300000000000001,0.6489776047329537,-0.1283871327587092,0.3152377685369122,-0.21554067442340727
7.325,0.6077454254102608,-0.046627959309572975,0.24994501608360684,-0.08490016539736053
7.3500000000000005,0.5743622924576537,0.03527061594436885,0.19771177248019906,0.04672799894385765
7.375,0.5492969512670154,0.11609449759384868,0.1593156536015729,0.17738608172777953
7.4,0.5328933381640997,0.19464952994840906,0.1353285094787314,0.3051306672569042
7.425000000000001,0.5253658963520864,0.2697791270053241,0.12610790750595247,0.42806156747751123
7.45,0.5267968262679968,0.3403812873936569,0.13179180234505644,0.5443500870826601
7.4750000000000005,0.537135304702614,0.40542474418664354,0.15229647197972968,0.6522662268088973
7.5,0.5561986777463442,0.46396401312269037,0.1873177507976006,0.7502044202560608
7.525,0.5836756033570957,0.5151531198813575,0.23633554154065506,0.8367074213493516
7.550000000000001,0.6191310905352989,0.5582578073605617,0.2986215391948099,0.9104879870483096
7.575,0.6620133541611479,0.5926660470839623,0.3732500521125769,0.9704480326807472
7.6000000000000005,0.7116623779109099,0.6178967045795529,0.45911175958927314,1.0156949748531372
7.625,0.7673200527132301,0.6336062364228099,0.5549302014285895,1.0455550187043343
7.65,0.8281417352970929,0.63959332621042,0.6592807543875667,1.0595831917049772
7.675000000000001,0.8932090508529792,0.6358013975796388,0.7706118133884352,1.0575699745847047
7.7,0.9615437459744789,0.6223189740525105,0.8872678625765309,1.039544430574323
7.7250000000000005,1.0321223831245763,0.5993778874914273,1.0075140931771955,1.0057737862274154
7.75,1.1038916560906662,0.5673493688275243,1.1295622020791738,0.9567594698613181
7.775,1.175784097419321,0.5267380859941395,1.2515969874903623,0.8932296663458075
7.800000000000001,1.2467339437702003,0.47817422420279676,1.3718033461350994,0.8161284987857389
7.825,1.315692923562335,0.42240373239459855,1.4883932704683127,0.726601997820281
7.8500000000000005,1.3816457332164949,0.36027688646551653,1.5996324443594012,0.6259810670501084
7.875,1.4436249736846316,0.29273534430947923,1.7038660416489027,0.515761697793942
7.9,1.5007253277101835,0.22079788949370655,1.7995433438156163,0.3975827273021057
7.925000000000001,1.5521167702402332,0.14554507916298354,1.8852408105346947,0.2732014711088644
7.95,1.5970566194244187,0.06810302729457295,1.9596832598984908,0.1444675918425795
7.9750000000000005,1.634900253453145,-0.010373433525572115,2.0217628431691668,0.013295593063039568
8.0,1.6651103388360036,-0.08871796022907057,2.0705555317181665,-0.11836365283246303
8.025,1.6872644382904403,-0.16577002106801392,2.105334870795079,-0.24855191920352684
8.05,1.701060890858639,-0.24039207403110685,2.125582795407058,-0.37533275073826367
8.075000000000001,1.7063228828291226,-0.311486347784542,2.1309973472759616,-0.4968202668048373
8.1,1.7030006551187296,-0.37801097777914283,2.121497177923753,-0.6112072141542102
8.125,1.6911718205656634,-0.4389952605388642,2.097222770732413,-0.7167918516869148
8.15,1.6710397926808307,-0.4935538029966007,2.0585343636217663,-0.8120032673450256
8.175,1.6429303553854029,-0.5408993608551802,2.006006603061429,-0.8954247504888593
8.200000000000001,1.6072864307131656,-0.5803541800594169,1.9404200087517944,-0.9658148720190046
8.225,1.564661127971748,-0.6113596782619021,1.8627493757503064,-1.0221259585795535
8.25,1.515709183047385,-0.6334843283037138,1.7741492863775536,-1.0635196859206737
8.275,1.4611769200346447,-0.646429632831274,1.6759369472354235,-1.089379559332112
8.3,1.4018908888327266,-0.6500341078242211,1.5695726064665223,-1.0993200953472257
8.325000000000001,1.3387453514625798,-0.6442752225864024,1.4566378423889046,-1.0931925679709424
8.35,1.2726888063483817,-0.6292692742082004,1.3388120463164555,-1.0710872337756965
8.375,1.2047097534373876,-0.6052692051896498,1.217847449252012,-1.0333320025767225
8.4,1.1358219136113301,-0.5726604033648873,1.095543063817609,-0.98048757326351
8.425,1.0670491232233696,-0.5319545530387944,0.9737179289407073,-0.9133391069412611
8.450000000000001,0.9994101286788631,-0.48378163489749815,0.8541840552073936,-0.832884561043047
8.475,0.9339035067157142,-0.4288801993646737,0.7387194732673921,-0.7403198577436712
8.5,0.8714929334312826,-0.36808606324874005,0.6290417861650661,-0.6370211071012108
8.525,0.8130930191974881,-0.3023196023955723,0.5267826189975379,-0.5245241491713961
8.55,0.7595559175018963,-0.23257183329560088,0.43346334597583563,-0.40450171923091527
8.575000000000001,0.7116589035963046,-0.15988949390256696,0.35047245598649096,-0.2787385756157054
8.6,0.6700931038152735,-0.08535934805638826,0.27904489340017985,-0.1491049600021484
8.625,0.6354535387776027,-0.010091948665897257,0.22024368151338394,-0.017528784782033124
8.65,0.6082306236740773,0.0647948979496517,0.1749441020749356,0.11403303886323934
8.675,0.5888032467790429,0.13819272053458653,0.1438206663458375,0.24362370578041193
8.700000000000001,0.577433523535661,0.20901877819117798,0.12733707163356833,0.3693156216828768
8.725,0.574263298412859,0.2762320201753169,0.1257392928477228,0.4892390751148308
8.75,0.5793124405935131,0.33884837512917765,0.13905191200287742,0.6016100500606308
8.775,0.5924789528187875,0.39595514540052656,0.1670777404401259,0.7047567654770608
8.8,0.6135408857809339,0.4467242961017616,0.2094007395669929,0.7971445469391062
8.825000000000001,0.6421600237260582,0.49042444563563253,0.26539219685475496,0.8773986603754177
8.85,0.6778872807947586,0.5264313842963416,0.3342200654122556,0.9443247681606692
8.875,0.7201697224775004,0.5542369699400648,0.41486132839638123,0.9969267031775639
8.9,0.7683591027624654,0.5734562742679539,0.5061172045212831,1.0344212963360229
8.925,0.8217217854548022,0.5838328796066004,0.6066309686610113,1.056250036848576
8.950000000000001,0.8794498980692792,0.5852422538091754,0.7149081226316704,1.0620873916571614
8.975,0.9406735489344062,0.5776931596196593,0.8293386162690058,1.0518456600877237
9.0,1.004473922950593,0.5613270841136927,0.9482207884055227,1.0256762913359607
9.025,1.0698970590344645,0.5364157032171577,1.069786671751745,0.9839676449942241
9.05,1.135968102831092,0.5033564253716624,1.1922282853807395,0.9273392277334231
9.075000000000001,1.2017058219153385,0.46266608673506715,1.3137245238048187,0.8566324916680557
9.1,1.2661371675173503,0.4149728974577877,1.4324682427385298,0.772898331077496
9.125,1.3283116668318222,0.3610067641633499,1.546693138694643,0.6773814632716244
9.15,1.3873154331950717,0.30158813741067103,1.6547000226040238,0.571501925743353
9.175,1.442284587780123,0.2376155542814387,1.754882096641694,0.4568339646544704
9.200000000000001,1.4924178958626606,0.17005206501016923,1.845748858245597,0.33508262851692927
9.225,1.5369884330010322,0.09991074848693883,1.9259482757127673,0.20805841508093403
9.25,1.5753541114594594,0.028239534287317236,1.9942869054460097,0.0776503484161869
9.275,1.6069669146542933,-0.04389444155907704,2.04974765152114,-0.054202113457713336
9.3,1.631380707052031,-0.11542071369197562,2.0915049032959026,-0.18553792262006125
9.325000000000001,1.648257508496026,-0.18528136138661178,2.1189368257650516,-0.31440360800190237
9.35,1.6573721450612204,-0.25244664414075474,2.131634619702901,-0.43888233104467944
9.375,1.6586152128846463,-0.3159301679709359,2.1294086136948716,-0.5571223980949485
9.4,1.6519943166291464,-0.3748033592238342,2.112291097273362,-0.667364805421862
9.425,1.6376335699323428,-0.42820903370865415,2.0805358528399873,-0.7679694071095713
9.450000000000001,1.6157713709898704,-0.4753738630639384,2.034614393154953,-0.8574393165367679
9.475,1.5867564919387973,-0.5156195572688853,1.975208960174988,-0.9344431784074032
9.5,1.551042545566667,-0.5483726018330916,1.9032023891948269,-0.9978349799493392
9.525,1.5091809167076133,-0.5731724101502931,1.8196649888774203,-1.0466711064809406
9.55,1.4618122681495138,-0.5896777754483309,1.7258386321507895,-1.0802243875159308
9.575000000000001,1.4096567516370688,-0.597671532347427,1.6231182944448748,-1.0979949243243785
9.600000000000001,1.353503073312771,-0.5970633648678018,1.5130313137220037,-1.0997175377278174
9.625,1.2941965794197836,-0.5878907254037723,1.3972146806549395,-1.0853657251670576
9.65,1.2326265420609488,-0.5703178572918928,1.2773906966222368,-1.055152067995008
9.675,1.1697128360679658,-0.5446329417274636,1.1553413614858523,-1.0095250827417181
9.700000000000001,1.10639220642594,-0.5112434175098952,1.032881872028313,-0.9491625629895776
9.725000000000001,1.0436043311066936,-0.47066954901354624,0.9118336251756823,-0.8749615106966302
9.75,0.9822778865186387,-0.42353634349047264,0.7939971275196758,-0.7880248065387353
9.775,0.9233168220571505,-0.3705639429380565,0.6811252140679975,-0.6896448173521615
9.8,0.8675870464581787,-0.31255663795555333,0.5748969745749006,-0.5812841843257016
9.825000000000001,0.8159037218850791,-0.25039067094644457,0.4768927753012525,-0.4645540775370944
9.850000000000001,0.7690193520251649,-0.185001013410672,0.38857074778193884,-0.3411902401291399
9.875,0.7276128380902802,-0.11736731666265283,0.3112450943789151,-0.21302717831464607
9.9,0.6922796616976392,-0.04849924690070699,0.24606653339520737,-0.08197088099716965
9.925,0.6635233363826647,0.020578576020598274,0.19400517471990983,0.05002952531425281
9.950000000000001,0.6417482502272424,0.0888418116164647,0.15583608083914546,0.18101076476017294
9.975000000000001,0.6272540010673666,0.15528157729375078,0.13212772812095017,0.3090246124296438
10.0,0.6202313032904594,0.21891934762223986,0.1232335401560642,0.4321668723996738
10.025,0.6207595216824408,0.278821354490008,0.12928661925340348,0.5486057024938785
10.05,0.6288058634904322,0.33411227640072066,0.1501977546276787,0.6566088644318229
10.075000000000001,0.6442262351912224,0.38398801640495267,0.18565673708455424,0.7545694940010814
10.100000000000001,0.666767745765337,0.4277273823256947,0.23513696083071622,0.8410300078741457
10.125,0.696072813937554,0.4647024998210198,0.2979032441435916,0.9147037913863322
10.15,0.7316848132165914,0.49438780816490585,0.3730227527555644,0.974494344576495
10.175,0.7730551659971592,0.516367510125836,0.4593788636523743,1.0195116015794436
10.200000000000001,0.819551776807726,0.5303413706564805,0.5556877632419434,1.049085180486079
10.225000000000001,0.870468675306231,0.5361287839243294,0.6605175331683457,1.0627743664288838
10.25,0.9250367221268773,0.5336710541402834,0.7723094400318103,1.0603746792285544
10.275,0.982435215416709,0.5230318622917941,0.8894011124799748,1.0419209277293906
10.3,1.041804223089645,0.5043959178620172,1.0100512610459675,1.0076867052014586
10.325000000000001,1.1022574556500526,0.4780658215156932,1.1324655731439823,0.9581803331193566
10.350000000000001,1.162895487039393,0.4444571911578284,1.254823398133669,0.8941373134534089
10.375,1.2228191264388832,0.4040921293326175,1.3753048255924776,0.8165094015435919
10.4,1.2811427423756971,0.35759113425151523,1.4921177540648713,0.7264504618968627
10.425,1.3370073418437398,0.30566357946471007,1.6035245476766864,0.6252993171072682
10.450000000000001,1.3895932114328444,0.24909690798772602,1.707867884111064,0.5145598448327874
10.475000000000001,1.4381319345886994,0.18874470526306952,1.8035954094477145,0.3958786187084882
10.5,1.4819176089854307,0.12551383140755917,1.889282833092638,0.2710204256223456
10.525,1.5203171004280385,0.06035080653955806,1.963655119206813,0.1418420233845308
10.55,1.5527791845200958,-0.005772346591881319,2.0256054593353987,0.010264529012915802
10.575000000000001,1.5788424443060165,-0.07187259108722148,2.074211743923536,-0.12175515175361659
10.600000000000001,1.5981418109677101,-0.13697047969002513,2.108750287589804,-0.2522534288191738
10.625,1.6104136551370996,-0.20010465710272451,2.1287066038617097,-0.37928923311342866
10.65,1.6154993581696422,-0.26034604625391683,2.1337830689515918,-0.5009728886077564
10.675,1.613347315482657,-0.3168115093393027,2.1239033604138253,-0.6154942215142647
10.700000000000001,1.6040133474554967,-0.36867678293334055,2.0992136044872707,-0.7211494885396683
10.725000000000001,1.58765951706752,-0.41518849788946455,2.0600802148770816,-0.8163667236076443
10.75,1.5645513770627206,-0.4556751089349125,2.0070844549394566,-0.8997291259646467
10.775,1.5350536926269627,-0.48955657560206506,1.9410138039695766,-0.9699961416952073
10.8,1.4996247080027543,-0.5163526551653461,1.862850255832138,-1.0261219249609492
10.825000000000001,1.4588090468172439,-0.5356896892818394,1.7737557238080597,-1.0672709042335975
10.850000000000001,1.4132293558490048,-0.5473057887462395,1.6750547685817316,-1.0928302218362786
10.875,1.3635768202170455,-0.5510543448248021,1.5682149061196924,-1.1024188616001254
10.9,1.3106006942764246,-0.5469058206674574,1.4548247882015268,-1.095893328692805
10.925,1.255097006613886,-0.5349478019380919,1.3365705800214316,-1.0733497969499064
10.950000000000001,1.197896609251922,-0.51538331166818,1.2152108861125777,-1.035122691576618
10.975000000000001,1.1398527503253844,-0.48852742004443994,1.0925505974576815,-0.981779728104385
11.0,1.0818283559635422,-0.4548022050066002,0.9704140487154189,-0.9141134811968274
11.025,1.02468321080562,-0.414730143785535,0.8506178847747495,-0.8331296085170017
11.05,0.9692612274537505,-0.36892603849865996,0.7349440401946679,-0.7400319046265057
11.075000000000001,0.9163779932200079,-0.31808760030188743,0.6251132334297291,-0.636204407045365
11.100000000000001,0.8668087777924217,-0.2629848360644293,0.5227593701073231,-0.5231908204591138
11.125,0.8212771780074348,-0.204448398801806,0.42940523612322107,-0.40267156496294443
11.15,0.780444565892636,-0.1433570779251335,0.3464398421585366,-0.27643878958879303
11.175,0.7449004936908203,-0.08062461752960638,0.275097756678559,-0.1463697226438139
11.200000000000001,0.7151541948868413,-0.017186060280245094,0.21644073491620847,-0.014398755146469766
11.225000000000001,0.6916273035578037,0.04601617916998836,0.1713419172103114,0.11751132748801729
11.25,0.6746478959086268,0.10804630396095963,0.14047283186807766,0.24739853766984732
11.275,0.6644459379184927,0.16798898048502386,0.12429339602060038,0.37333086759291406
11.3,0.661150201909434,0.22496283483026788,0.12304506335975912,0.49343502688626484
11.325000000000001,0.66478669287301,0.2781334013609418,0.13674722084739746,0.6059243085008057
11.350000000000001,0.6752786028833259,0.3267253333646061,0.16519688816925784,0.7091251683158399
11.375,0.6924477892196919,0.3700336972592835,0.20797172458518823,0.8015021230591416
11.4,0.7160177492572349,0.40743418602457615,0.2644362986343818,0.8816805961253484
11.425,0.7456180430925984,0.4383921040797367,0.33375152762133425,0.9484673713792402
11.450000000000001,0.7807900935803904,0.46246999452599563,0.4148871466569979,1.000868350590028
11.475000000000001,0.8209942732770129,0.47933380021558425,0.5066370219612685,1.0381033502306842
11.5,0.8656181690173866,0.48875747219566656,0.6076370808182766,1.0596177173974197
11.525,0.9139858977603453,0.49062596236916567,0.7163855916443187,1.0650905919035765
11.55,0.9653683321777117,0.4849365613671704,0.8312654926587262,1.0544396914763088
11.575000000000001,1.0189940814488272,0.47179856727847796,0.950568437161475,1.027822548691873
11.600000000000001,1.0740610620419453,0.4514312956638831,1.0725201978706524,0.985634181056962
11.625,1.1297484850673394,0.4241604658284472,1.1953070525392304,0.9285012286946768
11.65,1.185229081187268,0.39041302227115715,1.3171027584546646,0.8572726466351837
11.675,1.2396813811394314,0.3507104732253475,1.4360957146442823,0.7730070899615704
11.700000000000001,1.292301869708118,0.3056608499072123,1.550515907795834,0.6769571792581737
11.725000000000001,1.3423168334547368,0.25594941018661005,1.6586612410970427,0.5705508802203652
11.75,1.3889937276517077,0.20232822859138544,1.7589228543544095,0.45537027422049703
11.775,1.4316518955656046,0.1456048305903673,1.8498090587333693,0.33312803544587477
11.8,1.4696724833844232,0.08663004274067898,1.929967530046721,0.2056419643537648
11.825000000000001,1.5025074065216129,0.02628524133745523,1.9982054304006889,0.07480795611701324
11.850000000000001,1.5296872375637878,-0.0345308094861985,2.0535071588024807,-0.05742819396767129
11.875,1.5508279025379295,-0.0949153338087384,2.0950494665829105,-0.18909972881620324
11.9,1.5656360902077684,-0.15397493519486322,2.12221371266794,-0.31824818126059784
11.925,1.5739132984953572,-0.21083880470298616,2.134595076261473,-0.44295250405693876
11.950000000000001,1.575558462570967,-0.2646715505053554,2.1320085897462153,-0.5613576449218332
11.975000000000001,1.5705691303556282,-0.31468546025286426,2.1144919018967423,-0.6717021415516877
12.0,1.5590411728194695,-0.36015201634714505,2.0823047301262303,-0.7723443261324283
12.025,1.5411670382131957,-0.40041249594809813,2.0359250097321553,-0.8617867495066808
12.05,1.5172325809169418,-0.43488750166403956,1.976041797234434,-0.9386984616240841
12.075000000000001,1.4876125166116605,-0.46308528522704845,1.9035450331810184,-1.001934816765597
12.100000000000001,1.4527645756634495,-0.48460874479769367,1.8195123165130005,-1.050554508829851
12.125,1.4132224456643885,-0.4991609965931618,1.7251928870386088,-1.0838335831526569
12.15,1.369587611715945,-0.5065494429878671,1.6219890541018436,-1.1012762162868057
12.175,1.3225202190161276,-0.5066882817734032,1.5114353475291114,-1.1026221032300316
12.200000000000001,1.2727290963878788,-0.4995994245476748,1.395175700830181,-1.0878503420399057
12.225000000000001,1.2209610913617217,-0.48541181588363297,1.2749390059145878,-1.057179757864935
12.25,1.1679898771295696,-0.46435916865411286,1.1525134028246182,-1.011065661376889
12.275,1.114604398982755,-0.43677615430900046,1.0297196868208673,-0.9501930896225221
12.3,1.0615971326356375,-0.4030931096683999,0.9083842283057119,-0.8754666296348299
12.325000000000001,1.0097523290536359,-0.36382934357524355,0.7903118083373323,-0.7879969759762036
12.350000000000001,0.9598344200273138,-0.3195851472236269,0.6772587737648025,-0.6890844219726099
12.375,0.9125767557759337,-0.2710326308457815,0.5709069112828447,-0.5801995300160343
12.4,0.8686708403773266,-0.21890552642686067,0.4728384290338163,-0.46296126828341055
12.425,0.8287562228956646,-0.1639881109771868,0.3845124179327108,-0.33911293891982863
12.450000000000001,0.7934111918400165,-0.10710341741280013,0.30724314290224186,-0.21049625560037058
12.475000000000001,0.763144408194217,-0.04910091009972476,0.2421804870071323,-0.07902395593033346
12.5,0.7383875979029203,0.00915619053508266,0.19029283947283482,0.05334864404309028
12.525,0.7194894085992233,0.06680374533242883,0.15235268224043963,0.18465273017759662
12.55,0.7067105177602321,0.1229895049005813,0.128925089586489,0.31293527294486323
12.575000000000001,0.700220060644018,0.17688569957541606,0.1203593120201651,0.43628807697251853
12.600000000000001,0.700093426577976,0.22770122499602383,0.1267835698053902,0.5528761653333581
12.625,0.7063114517307123,0.27469324405779655,0.14810313372334147,0.6609650763673858
12.65,0.718761015712453,0.31717803524616817,0.18400172180192606,0.7589466669736683
12.675,0.7372370285216903,0.3545409290838689,0.23394619141977002,0.8453630385007962
12.700000000000001,0.7614457737971714,0.38624518846095707,0.2971944571769565,0.9189282292677429
12.725000000000001,0.7910095543481288,0.4118397047439737,0.372806516941955,0.978547350945459
12.75,0.825472566816141,0.4309653995328537,0.4596584222478277,1.023332884031098
12.775,0.8643079143496764,0.4433602414790117,0.556458985408624,1.0526178898857572
12.8,0.9069256496096598,0.4488628084005679,0.661768975010329,1.0659659426552035
12.825000000000001,0.9526817255122869,0.44741434671825364,0.7740225144061079,1.0631776331696705
12.850000000000001,1.0008877180690259,0.4390593026619452,0.8915503650629919,1.044293547897762
12.875,1.0508211746907352,0.4239443224287276,1.0126047485551886,1.0095936784530544
12.9,1.1017364325390442,0.40231574117091407,1.1353853380949193,0.9595932702402125
12.925,1.1528757450564042,0.3745156030204075,1.2580660330759583,0.8950351717909498
12.950000000000001,1.203480550774699,0.3409762759844022,1.3788221184378742,0.8168787983909664
12.975000000000001,1.2528027169422953,0.30221374615866575,1.4958574049131237,0.7262858739631647
13.0,1.3001155914363078,0.2588196949962803,1.6074309464814895,0.62460316310049
13.025,1.3447246998184312,0.211452481060321,1.7118829376226516,0.5133424499207965
13.05,1.3859779301905317,0.16082716352172471,1.8076594051351071,0.39415806138018256
13.075000000000001,1.4232750566167034,0.10770471840980284,1.893335327197977,0.2688222692201909
13.100000000000001,1.4560764621733897,0.05288061008609691,1.967635835724428,0.1391989362953181
13.125,1.4839109350091202,-0.002827110570172889,2.0294551865451735,0.007215799159689701
13.15,1.5063824249508733,-0.05859000333026536,2.0778732151436747,-0.12516420090294336
13.175,1.5231756639692655,-0.11358154941431937,2.1121690330481133,-0.25597211204579357
13.200000000000001,1.5340605709707085,-0.16698939311374947,2.131831761013415,-0.3832622570274493
13.225000000000001,1.5388953796623055,-0.2180273330607439,2.1365681391889964,-0.5051411738096551
13.25,1.5376284473602952,-0.2659468862769912,2.1263069009098543,-0.6197957811133021
13.275,1.5302987222988882,-0.31004825504940364,2.101199844879079,-0.7255203499655312
13.3,1.5170348669498985,-0.3496905360917988,2.061619589613283,-0.820741880006955
13.325000000000001,1.4980530547880426,-0.384301023210787,2.0081540433683855,-0.9040435030333057
13.350000000000001,1.4736534775370063,-0.4133834686190331,1.9415976716178207,-0.9741855655670201
13.375,1.4442156189180066,-0.4365251839165483,1.8629396917918295,-1.0301240767566244
13.4,1.410192369016223,-0.4534028793486994,1.77334937069641,-1.0710262470717156
13.425,1.372103070316068,-0.46378715898197914,1.674158643133984,-1.0962828865166747
13.450000000000001,1.330525601986494,-0.467545609628557,1.5668423101031315,-1.1055174777841092
13.475000000000001,1.2860876228971472,-0.4646444423950013,1.4529961109696259,-1.0985917892145203
13.5,1.2394571059143606,-0.4551486673148716,1.3343129956388557,-1.0756079438870716
13.525,1.1913323060900767,-0.4392208033273274,1.2125579495501426,-1.0369069138719602
13.55,1.1424313132743396,-0.41711814756078497,1.089541745857831,-0.9830634618441223
13.575000000000001,1.0934813453425152,-0.3891886491507041,0.9670940151409237,-0.9148776050998684
13.600000000000001,1.045207941555871,-0.35586545335013947,0.8470360331556068,-0.8333627287467718
13.625,0.9983242165265689,-0.3176602011788611,0.7311536313605519,-0.739730524683093
13.65,0.9535203338294883,-0.2751551880163518,0.6211706331410334,-0.6353729802047698
13.675,0.9114533545226393,-0.22899450111119363,0.5187232108611158,-0.521841683973239
13.700000000000001,0.8727376097687913,-0.17987427071377404,0.42533554519849975,-0.40082475699244857
13.725000000000001,0.8379357384912746,-0.12853218222896612,0.3423971488681512,-0.2741217515853225
13.75,0.8075505206759038,-0.07573640724880962,0.27114219210501334,-0.14361689160190338
13.775,0.7820176247086668,-0.022274119414758986,0.21263113752118484,-0.011251051783806115
13.8,0.76169937320257,0.031060233337217774,0.16773495762110563,0.12100710701500345
13.825000000000001,0.7468796163288698,0.08347672555264238,0.13712216985957043,0.25119041747304294
13.850000000000001,0.73775978496186,0.13420164501389648,0.12124888223332272,0.37736246483924274
13.875,0.7344561782239042,0.18248890458312858,0.12035199762984623,0.49764639017422957
13.9,0.7369985215446698,0.22763100694562222,0.13444567818290276,0.610252809360688
13.925,0.7453298124016913,0.2689694012480043,0.16332112240171973,0.7135064325765721
13.950000000000001,0.7593074517707893,0.3059040801694801,0.2065496585705956,0.805870988231299
13.975000000000001,0.778705640268795,0.3379022777207602,0.2634891085908466,0.8859720805618377
14.0,0.8032189992993443,0.36450614185341007,0.33329332779108034,0.9526176407994431
14.025,0.8324673594907332,0.385339271570683,0.4149247789883971,1.0048156675914708
14.05,0.8660016416077863,0.4001120254222399,0.507169953944848,1.0417889926645836
14.075000000000001,0.9033107391780145,0.40862552677964914,0.6086574130022411,1.062986851946843
14.100000000000001,0.9438292975282071,0.4107743108482293,0.7178781747237635,1.0680930898684309
14.125,0.9869462709921052,0.4065475786806011,0.8332081524030831,1.0570308746283077
14.15,1.032014128909227,0.3960290442146285,0.952932303840589,1.0299638541020333
14.175,1.0783585718483368,0.3793953812542783,1.07527013528541,0.9872937350027929
14.200000000000001,1.1252886123864017,0.35691329803612876,1.1984021802810416,0.9296543211059607
14.225000000000001,1.1721068698531365,0.32893528727034615,1.3204970596309284,0.8579020990161713
14.25,1.2181199257784825,0.2958941190144232,1.4397387200355185,0.7731035113113641
14.275,1.2626485863875487,0.25829616214489876,1.5543534462727198,0.6765191061766864
14.3,1.3050379003729458,0.21671363726748932,1.6626362451395116,0.5695847991096531
14.325000000000001,1.3446667843028268,0.1717759194006982,1.762976208694911,0.45389052524471407
14.350000000000001,1.3809571143253272,0.12416002245798492,1.85388047950416,0.3311565996718941
14.375,1.4133821512062799,0.07458040924174303,1.9339964613568055,0.20320813723197048
14.4,1.4414741760558591,0.023778280182242498,2.0021319450079536,0.07194791215259036
14.425,1.4648312262018517,-0.02748949872750564,2.057272849484942,-0.06067193888394434
14.450000000000001,1.4831228343675202,-0.07846166353396522,2.098598314950681,-0.1926789494262678
14.475000000000001,1.4960946894019072,-0.12838384784403947,2.1254929224922243,-0.32210965991120266
14.5,1.5035721530620114,-0.1765197387869961,2.1375558589240358,-0.4470388219662695
14.525,1.5054625845147025,-0.2221619285613763,2.134606890124169,-0.5656080359756894
14.55,1.5017564420541258,-0.264642301766946,2.1166890538828333,-0.6760533959335359
14.575000000000001,1.4925271497513697,-0.30334180612929573,2.0840680320307907,-0.7767317303498746
14.600000000000001,1.4779297350959113,-0.3376994638657688,2.037228211003998,-0.8661450488346616
14.625,1.4581982618807061,-0.36722049266618784,1.9768654892564914,-0.9429628306510349
14.65,1.4336421003555728,-0.39148341888944044,1.9038769383228993,-1.0060418236074375
14.675,1.4046410937648377,-0.4101460808991993,1.8193474711356488,-1.0544430586700395
14.700000000000001,1.3716396965439155,-0.4229504372463633,1.7245337157232465,-1.0874458270733482
14.725000000000001,1.3351401744393947,-0.4297261123984097,1.6208453339932263,-1.1045584118715301
14.75,1.295694970419861,-0.430392631646381,1.509824063317346,-1.1055254141349748
14.775,1.2538983522632048,-0.4249603164048787,1.3931207925220779,-1.0903315646378724
14.8,1.2103774679677286,-0.41352983106691865,1.2724710131402683,-1.0592019641501567
14.825000000000001,1.1657829434925076,-0.3962903925869842,1.1496690109640761,-1.0125987485637358
14.850000000000001,1.1207791636699531,-0.37351667374537545,1.0265411816959298,-0.9512142282584716
14.875,1.076034381362806,-0.34556445030262484,0.9049188675430154,-0.8759606035570213
14.9,1.0322108020033385,-0.3128650607007075,0.7866111187479079,-0.7879564090492481
14.925,0.9899547905309414,-0.2759187643374028,0.6733777851867823,-0.6885098882290622
14.950000000000001,0.9498873454442945,-0.23528710047742427,0.5669033382792696,-0.5790995455548757
14.975000000000001,0.912594980247663,-0.19158436433588288,0.4687718126139039,-0.4613521650406171
15.0,0.8786211460699201,-0.14546832956671066,0.3804432400600448,-0.3370186221819571
15.025,0.8484583207731013,-0.09763035712872381,0.30323192695893186,-0.20794784886146978
15.05,0.8225408795764638,-0.04878503913240874,0.23828689759257454,-0.07605933836832054
15.075000000000001,0.8012388502605591,0.0003404673299243835,0.1865747949262569,0.056685400597159236
15.100000000000001,0.7848526425667816,0.049017257286271106,0.1488654930880044,0.18831201640846762
15.125,0.7736088266751561,0.0965254851244102,0.12572063572877507,0.3168626796206364
15.15,0.7676570198495287,0.1421650018515756,0.11748527090040628,0.440425203944965
15.175,0.7670679237223236,0.1852656653053737,0.12428270704122277,0.5571614899420925
15.200000000000001,0.771832537499529,0.22519717161288358,0.14601266675637148,0.6653348683349066
15.225000000000001,0.7818625548573624,0.26137826379082574,0.1823527660339788,0.763335936185908
15.25,0.7969919347355131,0.29328518308620205,0.2327632970783348,0.8497065015781093
15.275,0.8169796188685806,0.3204592403228016,0.29649524380331393,0.9231612805508802
15.3,0.8415133519938746,0.34251339796512903,0.3726014109438105,0.9826070234546431
15.325000000000001,0.8702145444791639,0.3591377686326556,0.4599505014256995,1.02715878610474
15.350000000000001,0.9026441018657982,0.3701039521657373,0.5572439327742701,1.0561531035661966
15.375,0.9383091317437968,0.3752681508133566,0.6630351425901596,1.0691578704571352
15.4,0.9766704256707353,0.374573020419332,0.7757510960866084,1.0659787806338583
15.425,1.0171506026992196,0.3680482343538335,0.8937156759132556,1.0466622302870938
15.450000000000001,1.0591427916486547,0.355809756089433,1.0151746064779366,1.0114946410756298
15.475000000000001,1.1020197216796321,0.3380578354707437,1.1383215421350008,0.9609982131682597
15.5,1.1451430851100515,0.3150737625902198,1.2613249312775323,0.8959231711658202
15.525,1.1878730328276574,0.28721543148127143,1.3823552568090351,0.8172366180421854
15.55,1.2295776611504072,0.2549117833042888,1.49961224784991,0.7261081627006419
15.575000000000001,1.2696423495795923,0.2186562150752508,1.6113516579399487,0.6238925347391064
15.600000000000001,1.3074788115648257,0.17899905503152358,1.7159112114233368,0.5121094448407311
15.625,1.3425337251087417,0.13653921922644585,1.811735332053125,0.3924209901881454
15.65,1.3742968167058005,0.09191517569858351,1.897398285943768,0.2666069408304468
15.675,1.4023082806287073,0.04579535240475177,1.9716253945644269,0.1365382744686323
15.700000000000001,1.4261654258154521,-0.0011318671017626486,2.0333120021526105,0.004149353197451133
15.725000000000001,1.4455284544121205,-0.048168410633169415,2.081539915310118,-0.12859084403738005
15.75,1.4601252892116705,-0.09461689395745176,2.115591070125775,-0.25970800544015094
15.775,1.4697553815966602,-0.13979095288641466,2.1349582233927755,-0.38725185129277334
15.8,1.4742924469276664,-0.18302537789995807,2.1393525087398126,-0.5093251430497207
15.825000000000001,1.4736860903885125,-0.22368590177704534,2.1287077451166923,-0.624111905109852
15.850000000000001,1.4679623028637212,-0.26117849634010537,2.103181433373196,-0.729904439461034
15.875,1.4572228232358726,-0.2949580421697489,2.0631524259266287,-0.8251287313250013
15.9,1.4416433803007165,-0.3245362448885926,2.0092153039959335,-0.9083678678395148
15.925,1.4214708440569332,-0.3494886831957542,1.9421715458527145,-0.9783831213473806
15.950000000000001,1.3970193321907374,-0.3694608870796555,1.8630176172732693,-1.0341323835788172
15.975000000000001,1.3686653329067475,-0.38417335934405394,1.7729301611611445,-1.0747856763980803
16.0,1.3368419196308805,-0.393425469528248,1.6732485064653029,-1.0997375082524936
16.025000000000002,1.3020321463186222,-0.39709816624657424,1.565454756402895,-1.1086158923652358
16.05,1.2647617239511233,-0.3951554716603092,1.451151752014691,-1.1012878923551617
16.075,1.2255910891207764,-0.3876447399623544,1.3320392386985636,-1.077861612609453
16.1,1.1851069842499233,-0.37469568013075677,1.2098885901133065,-1.0386846036097688
16.125,1.1439136758279518,-0.3565181615182923,1.0865164653212367,-0.9843387057337689
16.150000000000002,1.1026239419982689,-0.3333988388207375,0.9637577909252367,-0.9156314080278539
16.175,1.0618499638105794,-0.3056966503410807,0.8434384700178262,-0.8335838502865603
16.2,1.0221942554370549,-0.2738372599848433,0.7273482238442494,-0.7394156467069566
16.225,0.9842407676265769,-0.23830652884156545,0.617213970130869,-0.634526756671394
16.25,0.9485462956599113,-0.19964311630386478,0.5146741340695369,-0.5204766721440595
16.275000000000002,0.9156323181223703,-0.15843032324413273,0.4212542740983988,-0.3989612310931808
16.3,0.8859773860088918,-0.11528730062888687,0.3383443850852657,-0.2717874016779671
16.325,0.8600101731257936,-0.07085975594596848,0.26717821658968516,-0.14084641213954738
16.35,0.8381032885872789,-0.02581029682422689,0.2088149139276,-0.008085625962069909
16.375,0.8205679405780201,0.01919144385935069,0.16412325523029808,0.12452041944610232
16.400000000000002,0.8076495276436739,0.0634787543291091,0.13376871909257904,0.2549993798367358
16.425,0.7995242197743243,0.10639771408790588,0.11820357531696819,0.38141044019771464
16.45,0.7962965766723363,0.1473168419103602,0.11766014630654364,0.5018731834850391
16.475,0.7979982350697908,0.1856363794153981,0.13214733950826163,0.6145955626013253
16.5,0.8045876810132282,0.22079707385209263,0.16145050266148123,0.7179005595263963
16.525000000000002,0.8159511069030013,0.2522883316046648,0.20513460418716284,0.8102511350094803
16.55,0.831904337000506,0.27965562367232166,0.2625506915962068,0.8902730976358315
16.575,0.8521957893370742,0.3025070358572861,0.33284553203691764,0.9567755520075223
16.6,0.8765104267061188,0.3205188694231065,0.41497429176605216,1.0087686217660847
16.625,0.9044746349196073,0.3334402123679341,0.5077160661203011,1.0454781837015577
16.650000000000002,0.9356619529734792,0.34109641697562404,0.6096920291575121,1.066357393633912
16.675,0.9695995673914053,0.34339143572777175,0.7193859331597626,1.0710948324586667
16.7,1.0057754719823806,0.34030898473597987,0.83516665322527,1.0596191510098805
16.725,1.0436461847133682,0.3319125213302219,0.9553124417407275,1.0321001444621314
16.75,1.0826449055006624,0.31834404005613887,1.078036532075556,0.9889462400952821
16.775000000000002,1.1221899925739711,0.2998217088296835,1.201513710751974,0.9307984355911362
16.8,1.1616936307506827,0.276636384113129,1.3239074629184946,0.8585207778269061
16.825,1.2005705625329859,0.2491470604593427,1.4433972874066028,0.7731875235904713
16.85,1.2382467524360536,0.21777532537970007,1.5582057751049225,0.6760671730024498
16.875,1.2741678563735872,0.18299890499619914,1.6666250478838378,0.5686036129546366
16.900000000000002,1.3078073712395961,0.14534439912917305,1.767042164792332,0.4523946508718425
16.925,1.3386743449770178,0.10537931615758028,1.8579631175871083,0.32916825793552706
16.95,1.3663205343328921,0.06370352800025245,1.9380350586159316,0.20075687499296996
16.975,1.390346906057067,0.02094027376195961,2.0060664303480418,0.0690701632109017
17.0,1.410409387375592,-0.02227315314881146,2.061044697037054,-0.06393339531472436
17.025000000000002,1.4262237830060884,-0.06529489537864128,2.1021514146502382,-0.19627562465360177
17.05,1.4375697886066077,-0.10748805824232512,2.1287744147730017,-0.32598807665387913
17.075,1.4442940441711967,-0.1482301312982126,2.1405169211112556,-0.451141309482902
17.1,1.4463121852987642,-0.18692216561688946,2.1372034628274306,-0.5698735876088271
17.125,1.443609865251332,-0.22299757155535938,2.1188824965815187,-0.6804185763181018
17.150000000000002,1.436242736058863,-0.25593040791946414,2.0858256980970813,-0.7811316187952323
17.175,1.4243353923923152,-0.285243041360979,2.0385239336064243,-0.8705142048505675
17.2,1.4080792972847518,-0.31051306458901023,1.9776799709119115,-0.9472362672580228
17.225,1.387729723804997,-0.3313793733268685,1.9041980382976114,-1.0101559739552035
17.25,1.3636017612579272,-0.3475473147429721,1.8191703864153173,-1.0583367215864063
17.275000000000002,1.3360654481873842,-0.35879283413242286,1.7238610528540426,-1.091061077478907
17.3,1.3055401071916075,-0.36496556171259126,1.6196870707198023,-1.10784146251676
17.325,1.272487968141053,-0.3659907972945699,1.508197400581988,-1.108427415840083
17.35,1.2374071766473393,-0.361870367063996,1.3910498990204945,-1.0928093331294244
17.375,1.2008242934215638,-0.3526823435039435,1.2699866662274468,-1.0612186226798006
17.400000000000002,1.1632863973553076,-0.33857963636898514,1.1468081392454603,-1.014124276746269
17.425,1.1253529106571167,-0.31978747932305146,1.023346316102076,-0.9522259089609374
17.45,1.0875872681045216,-0.29659985313713294,0.9014375090469662,-0.8764433611862817
17.475,1.0505485543783868,-0.26937490196661157,0.7828950321252767,-0.7879030342005829
17.5,1.0147832335093196,-0.2385294139623845,0.6694822293187603,-0.6879211453481906
17.525000000000002,0.9808170926908045,-0.20453245109971116,0.5628862444431977,-0.5779841620055658
17.55,0.9491475191330637,-0.1678982254357741,0.46469292298056986,-0.4597267017341564
17.575,0.9202362233037448,-0.12917832985226227,0.37636321920897864,-0.3349072276859708
17.6,0.8945025149121751,-0.08895344054801915,0.29921145962541595,-0.20538190063918238
17.625,0.8723172294511241,-0.04782461598692339,0.23438578606532084,-0.07307697647807387
17.650000000000002,0.8539973931461967,-0.006404322573870282,0.182851069520686,0.06003984041254748
17.675,0.83980170293037,0.03469267904922129,0.14537454892646579,0.19198866181576235
17.7,0.8299268857300195,0.07485845157303597,0.12251440866825672,0.3208068631758701
17.725,0.8245049881061246,0.11350086733220163,0.11461146486693884,0.444578275934527
17.75,0.823601633338752,0.15005233062647894,0.12178408426610438,0.5614616904993267
17.775000000000002,0.8272152685840405,0.1839781076707734,0.14392641147446458,0.6697182458639956
17.8,0.835277409986469,0.21478414203166418,0.18070993111222464,0.7677372984350647
17.825,0.8476538788146484,0.24202424143671794,0.2315883418097227,0.854060385218179
17.85,0.8641470070260818,0.2653065315353268,0.2958056697459638,0.9274029248390037
17.875,0.8844987763719963,0.284299083398105,0.37240750122695343,0.9866733335013642
17.900000000000002,0.9083948414381512,0.29873463409418327,0.46025516740577826,1.030989271416719
17.925,0.9354693740826162,0.3084143333917878,0.5580426703276974,1.0596907779035154
17.95,0.9653106547663384,0.31321046428064064,0.6643160986990139,1.072350099619018
17.975,0.9974673254504857,0.31306810039418337,0.7774952447327963,1.068778065560202
18.0,1.0314552092131595,0.30800567928561,0.8958971006710084,1.0490269138247263
18.025000000000002,1.0667645936536203,0.29811448664691165,1.0177608856074085,1.0133895278928846
18.05,1.1028678686195654,0.28355706271487807,1.1412742304546406,0.9623950935927416
18.075,1.139227403904548,0.2645645580426142,1.2646001316535933,0.8968012411486515
18.1,1.1753035493843893,0.24143308129442548,1.3859042727667958,0.8175827889966898
18.125,1.2105626386357928,0.2145190965178076,1.5033823076044348,0.725917256600978
18.150000000000002,1.2444848774220798,0.1842339412418295,1.6152866990814148,0.6231673615706416
18.175,1.2765720005290762,0.15103754954371018,1.7199527145889142,0.5108607612438938
18.2,1.3063545842524602,0.11543147572834217,1.815823191188601,0.39066733990414293
18.225,1.3333989073130217,0.07795132431357116,1.9014717022127572,0.2643743793156943
18.25,1.3573132600227154,0.03915870046224931,1.9756237806108659,0.1338599817674574
18.275000000000002,1.3777536100318044,-0.0003671982689450251,2.037175883267464,0.0010651408248333882
18.3,1.394428542825014,-0.040038223078105464,2.08521181409836,-0.1320351248741682
18.325,1.4071034061526884,-0.07926601914325196,2.119016361514658,-0.26346114548479377
18.35,1.415603599613562,-0.11747074498648473,2.138085947262555,-0.39125804461422786
18.375,1.419816963468031,-0.15408963685262428,2.142136128087875,-0.5135248168276598
18.400000000000002,1.4196952342608649,-0.1885852917014267,2.1311058384754173,-0.6284426054931382
18.425,1.4152545487681865,-0.2204535469999799,2.1051583111791596,-0.7343017603261368
18.45,1.4065749919473602,-0.24923084187984668,2.064678661669304,-0.8295272721229405
18.475,1.3937991987493514,-0.2745009522904136,2.01026817224111,-0.9127022062860412
18.5,1.3771300336411383,-0.29590100241167866,1.9427353606205242,-0.9825887864898505
18.525000000000002,1.3568273852740422,-0.3131266656377447,1.8630839657323681,-1.038146814766766
18.55,1.333204126722583,-0.3259364807383482,1.7724980291575407,-1.078549153893206
18.575,1.3066213039168395,-0.3341552221638344,1.6723242940126655,-1.1031940416350616
18.6,1.277482626121576,-0.3376762776770427,1.5640521828980514,-1.1117140535206422
18.625,1.246228342413938,-0.33646300136063384,1.4492916525819555,-1.103981580648119
18.650000000000002,1.2133285969326575,-0.3305490253376322,1.3297492546860432,-1.0801107408611184
18.675,1.1792763630890832,-0.320037529028636,1.2072027583389184,-1.0404556946705152
18.7,1.144580062838128,-0.30509948022101885,1.0834747121720314,-0.985605390773408
18.725,1.10975598142369,-0.28597087741474364,0.9604053388297371,-0.9163748191266133
18.75,1.075320590678711,-0.26294903761181027,0.8398251651142354,-0.8337929014816837
18.775000000000002,1.0417828949412578,-0.2363879877156113,0.7235277948403155,-0.7390871993086267
18.8,1.0096369129359304,-0.20669303079767523,0.6132432293751664,-0.6336656663828553
18.825,0.9793544065800387,-0.17431457048091634,0.5106121327137355,-0.5190957172783915
18.85,0.951377963648274,-0.1397412874072604,0.41716142391414296,-0.39708092294815533
18.875,0.9261145356321436,-0.10349277104800582,0.33428155999537734,-0.26943567988272554
18.900000000000002,0.9039295250499892,-0.06611171784499073,0.2632058472761745,-0.1380582294981561
18.925,0.8851415080097409,-0.028155812730318343,0.20499208898262608,-0.004902428962877153
18.95,0.870017668129012,0.009810584622966072,0.16050684221946393,0.12805130673459678
18.975,0.8587700071243001,0.04722482497412521,0.1304125186048359,0.2588254593247096
19.0,0.8515523856557133,0.08353430161803249,0.11515752058516542,0.38547482032814645
19.025000000000002,0.8484584355331707,0.11820460612268882,0.11496956030574565,0.5061154251775702
19.05,0.849520371341664,0.1507273874260911,0.12985226058463065,0.6189525780070956
19.075,0.8547087161220708,0.1806277988113889,0.1595850887258625,0.7223075502292392
19.1,0.8639329421505142,0.20747142376791178,0.2037266243394807,0.8146425557208355
19.125,0.877043014295157,0.23087057982845777,0.26162111274688626,0.8945836310513645
19.150000000000002,0.8938318100956871,0.2504899090244485,0.3324082066790004,0.9609410803262964
19.175,0.914038377804244,0.26605117447392646,0.41503575154746275,1.0127271804220341
19.200000000000003,0.9373519813372309,0.2773371946477782,0.5082754242925825,1.049170883120948
19.225,0.9634168695950924,0.28419485986424214,0.6107409933576506,1.0697292953069442
19.25,0.9918376970798389,0.28653718934547145,0.7209089283414177,1.0740957662925208
19.275000000000002,1.022185513330116,0.2843444015252398,0.8371410529166948,1.06220446180282
19.3,1.054004230537251,0.2776639850096375,0.9577089041957957,1.0342313563920689
19.325000000000003,1.0868174719193504,0.2666097724432766,1.0808194363240475,0.9905916293348627
19.35,1.1201356981101207,0.2513600343018216,1.2046416860685176,0.9319335025275219
19.375,1.1534635050391784,0.23215462409878707,1.3273340038406767,0.8591286118569691
19.400000000000002,1.1863069845912824,0.20929122044736892,1.4470714451589397,0.7732590550598096
19.425,1.2181810387612004,0.18312072465127266,1.562072915149074,0.6756013085347464
19.450000000000003,1.248616539071381,0.15404188481847175,1.6706276623313152,0.5676072521519485
19.475,1.2771672256702928,0.12249522871921897,1.7711207275987677,0.45088258413126436
19.5,1.3034162447362356,0.08895639758111162,1.8620569698110478,0.327162946895105
19.525000000000002,1.32698222850621,0.05392898158679425,1.942083310576384,0.19828811886637238
19.55,1.3475248293436652,0.017936964890724175,2.010008867263517,0.06617465596726238
19.575000000000003,1.364749627642268,-0.018483106598624406,2.0648226746762006,-0.06721261034563403
19.6,1.3784123429068695,-0.05479011769069751,2.105708731671697,-0.19988979464402193
19.625,1.3883222879126769,-0.09044641767081851,2.1320581487785857,-0.3298834640971888
19.650000000000002,1.3943450172588039,-0.12492577615727594,2.1434782159750996,-0.45525999119271077
19.675,1.3964041337315254,-0.15772114341930188,2.1397982555880892,-0.5741543160182693
19.700000000000003,1.394482228493675,-0.18835210080427753,2.1210721730821205,-0.6847976902722529
19.725,1.3886209440315271,-0.21637189189260142,2.0875776676178828,-0.7855439902921394
19.75,1.3789201618267652,-0.2413739315736564,2.0398121139383907,-0.8748942076518589
19.775000000000002,1.365536329685096,-0.2629976983125119,1.9784851766516478,-0.9515187529631292
19.8,1.348679956352926,-0.2809339243307157,1.9045082665829778,-1.014277241021999
19.825000000000003,1.328612313301878,-0.294929009110473,1.8189809958460281,-1.0622354628850719
19.85,1.305641395177928,-0.3047885933874198,1.72317483293045,-1.094679292284039
19.875,1.2801172012272328,-0.3103802434455916,1.618514200760708,-1.1111253193713544
19.900000000000002,1.2524264098670974,-0.31163520887819934,1.5065552987267583,-1.1113280534545864
19.925,1.2229865273246823,-0.308549230829782,1.388962963555227,-1.095283587400264
19.950000000000003,1.1922395987921262,-0.3011823918819272,1.267485913076517,-1.0632296690098595
19.975,1.1606455767374344,-0.28965801297564503,1.1439307410149901,-1.0156421781090708
